,,,,,,,Daily Price Arrival Report-16-11-2025 to 16-05-2026 for Maharashtra,,,,,,
State,District,Market,Commodity Group,Commodity,Variety,Grade,Min Price,Max Price,Modal Price,Price Unit,Arrival Quantity,Arrival Unit,Arrival Date
Maharashtra,Mumbai,Mumbai-Onion & Potato Market APMC,Vegetables,Potato,Other,Local,700.00,"1,300.00","1,000.00",Rs./Quintal,"1,153.00",Metric Tonnes,31-12-2025
Maharashtra,Mumbai,Mumbai-Onion & Potato Market APMC,Vegetables,Potato,Other,Local,600.00,"1,200.00",900.00,Rs./Quintal,762.10,Metric Tonnes,31-03-2026
Maharashtra,Mumbai,Mumbai-Onion & Potato Market APMC,Vegetables,Potato,Other,Local,700.00,"1,400.00","1,050.00",Rs./Quintal,975.20,Metric Tonnes,30-12-2025
Maharashtra,Mumbai,Mumbai-Onion & Potato Market APMC,Vegetables,Potato,Other,Local,800.00,"1,300.00","1,050.00",Rs./Quintal,714.50,Metric Tonnes,30-04-2026
Maharashtra,Mumbai,Mumbai-Onion & Potato Market APMC,Vegetables,Potato,Other,Local,600.00,"1,200.00",900.00,Rs./Quintal,925.30,Metric Tonnes,30-03-2026
Maharashtra,Mumbai,Mumbai-Onion & Potato Market APMC,Vegetables,Potato,Other,Local,600.00,"1,200.00",900.00,Rs./Quintal,987.40,Metric Tonnes,30-01-2026
Maharashtra,Mumbai,Mumbai-Onion & Potato Market APMC,Vegetables,Potato,Other,Local,800.00,"1,500.00","1,150.00",Rs./Quintal,"1,419.80",Metric Tonnes,29-12-2025
Maharashtra,Mumbai,Mumbai-Onion & Potato Market APMC,Vegetables,Potato,Other,Local,700.00,"1,200.00",950.00,Rs./Quintal,990.50,Metric Tonnes,29-04-2026
Maharashtra,Mumbai,Mumbai-Onion & Potato Market APMC,Vegetables,Potato,Other,Local,700.00,"1,300.00","1,000.00",Rs./Quintal,979.40,Metric Tonnes,29-01-2026
Maharashtra,Mumbai,Mumbai-Onion & Potato Market APMC,Vegetables,Potato,Other,Local,600.00,"2,000.00","1,300.00",Rs./Quintal,"1,083.70",Metric Tonnes,28-11-2025
Maharashtra,Mumbai,Mumbai-Onion & Potato Market APMC,Vegetables,Potato,Other,Local,700.00,"1,200.00",950.00,Rs./Quintal,726.90,Metric Tonnes,28-04-2026
Maharashtra,Mumbai,Mumbai-Onion & Potato Market APMC,Vegetables,Potato,Other,Local,600.00,"1,200.00",900.00,Rs./Quintal,"1,046.80",Metric Tonnes,28-03-2026
Maharashtra,Mumbai,Mumbai-Onion & Potato Market APMC,Vegetables,Potato,Other,Local,700.00,"1,300.00","1,000.00",Rs./Quintal,"1,245.30",Metric Tonnes,28-01-2026
Maharashtra,Mumbai,Mumbai-Onion & Potato Market APMC,Vegetables,Potato,Other,Local,600.00,"2,100.00","1,350.00",Rs./Quintal,992.20,Metric Tonnes,27-11-2025
Maharashtra,Mumbai,Mumbai-Onion & Potato Market APMC,Vegetables,Potato,Other,Local,600.00,"1,200.00",900.00,Rs./Quintal,"1,398.40",Metric Tonnes,27-04-2026
Maharashtra,Mumbai,Mumbai-Onion & Potato Market APMC,Vegetables,Potato,Other,Local,700.00,"1,300.00","1,000.00",Rs./Quintal,"1,579.40",Metric Tonnes,27-03-2026
Maharashtra,Mumbai,Mumbai-Onion & Potato Market APMC,Vegetables,Potato,Other,Local,600.00,"1,100.00",850.00,Rs./Quintal,911.10,Metric Tonnes,27-02-2026
Maharashtra,Mumbai,Mumbai-Onion & Potato Market APMC,Vegetables,Potato,Other,Local,600.00,"1,200.00",900.00,Rs./Quintal,"1,354.40",Metric Tonnes,27-01-2026
Maharashtra,Mumbai,Mumbai-Onion & Potato Market APMC,Vegetables,Potato,Other,Local,700.00,"1,400.00","1,050.00",Rs./Quintal,"1,419.40",Metric Tonnes,26-12-2025
Maharashtra,Mumbai,Mumbai-Onion & Potato Market APMC,Vegetables,Potato,Other,Local,600.00,"2,000.00","1,300.00",Rs./Quintal,"1,175.80",Metric Tonnes,26-11-2025
Maharashtra,Mumbai,Mumbai-Onion & Potato Market APMC,Vegetables,Potato,Other,Local,800.00,"1,400.00","1,100.00",Rs./Quintal,"1,014.50",Metric Tonnes,26-03-2026
Maharashtra,Mumbai,Mumbai-Onion & Potato Market APMC,Vegetables,Potato,Other,Local,500.00,"1,000.00",750.00,Rs./Quintal,947.00,Metric Tonnes,26-02-2026
Maharashtra,Mumbai,Mumbai-Onion & Potato Market APMC,Vegetables,Potato,Other,Local,700.00,"1,400.00","1,050.00",Rs./Quintal,"1,041.20",Metric Tonnes,25-12-2025
Maharashtra,Mumbai,Mumbai-Onion & Potato Market APMC,Vegetables,Potato,Other,Local,700.00,"2,100.00","1,400.00",Rs./Quintal,833.40,Metric Tonnes,25-11-2025
Maharashtra,Mumbai,Mumbai-Onion & Potato Market APMC,Vegetables,Potato,Other,Local,600.00,"1,400.00","1,000.00",Rs./Quintal,881.30,Metric Tonnes,25-04-2026
Maharashtra,Mumbai,Mumbai-Onion & Potato Market APMC,Vegetables,Potato,Other,Local,600.00,"1,200.00",900.00,Rs./Quintal,"1,388.00",Metric Tonnes,25-03-2026
Maharashtra,Mumbai,Mumbai-Onion & Potato Market APMC,Vegetables,Potato,Other,Local,600.00,"1,100.00",850.00,Rs./Quintal,"1,073.50",Metric Tonnes,25-02-2026
Maharashtra,Mumbai,Mumbai-Onion & Potato Market APMC,Vegetables,Potato,Other,Local,600.00,"1,400.00","1,000.00",Rs./Quintal,"1,234.60",Metric Tonnes,24-12-2025
Maharashtra,Mumbai,Mumbai-Onion & Potato Market APMC,Vegetables,Potato,Other,Local,700.00,"2,000.00","1,350.00",Rs./Quintal,"1,361.80",Metric Tonnes,24-11-2025
Maharashtra,Mumbai,Mumbai-Onion & Potato Market APMC,Vegetables,Potato,Other,Local,700.00,"1,300.00","1,000.00",Rs./Quintal,440.20,Metric Tonnes,24-04-2026
Maharashtra,Mumbai,Mumbai-Onion & Potato Market APMC,Vegetables,Potato,Other,Local,700.00,"1,300.00","1,000.00",Rs./Quintal,"1,634.00",Metric Tonnes,24-03-2026
Maharashtra,Mumbai,Mumbai-Onion & Potato Market APMC,Vegetables,Potato,Other,Local,600.00,"1,100.00",850.00,Rs./Quintal,"1,186.10",Metric Tonnes,24-02-2026
Maharashtra,Mumbai,Mumbai-Onion & Potato Market APMC,Vegetables,Potato,Other,Local,700.00,"1,500.00","1,100.00",Rs./Quintal,"1,008.80",Metric Tonnes,23-12-2025
Maharashtra,Mumbai,Mumbai-Onion & Potato Market APMC,Vegetables,Potato,Other,Local,600.00,"1,200.00",900.00,Rs./Quintal,769.70,Metric Tonnes,23-04-2026
Maharashtra,Mumbai,Mumbai-Onion & Potato Market APMC,Vegetables,Potato,Other,Local,600.00,"1,200.00",900.00,Rs./Quintal,"1,496.50",Metric Tonnes,23-02-2026
Maharashtra,Mumbai,Mumbai-Onion & Potato Market APMC,Vegetables,Potato,Other,Local,600.00,"1,200.00",900.00,Rs./Quintal,"1,295.80",Metric Tonnes,23-01-2026
Maharashtra,Mumbai,Mumbai-Onion & Potato Market APMC,Vegetables,Potato,Other,Local,700.00,"1,500.00","1,100.00",Rs./Quintal,"1,544.80",Metric Tonnes,22-12-2025
Maharashtra,Mumbai,Mumbai-Onion & Potato Market APMC,Vegetables,Potato,Other,Local,700.00,"1,300.00","1,000.00",Rs./Quintal,528.40,Metric Tonnes,22-04-2026
Maharashtra,Mumbai,Mumbai-Onion & Potato Market APMC,Vegetables,Potato,Other,Local,600.00,"1,200.00",900.00,Rs./Quintal,661.20,Metric Tonnes,22-01-2026
Maharashtra,Mumbai,Mumbai-Onion & Potato Market APMC,Vegetables,Potato,Other,Local,800.00,"2,000.00","1,400.00",Rs./Quintal,"1,092.30",Metric Tonnes,21-11-2025
Maharashtra,Mumbai,Mumbai-Onion & Potato Market APMC,Vegetables,Potato,Other,Local,600.00,"1,200.00",900.00,Rs./Quintal,758.90,Metric Tonnes,21-04-2026
Maharashtra,Mumbai,Mumbai-Onion & Potato Market APMC,Vegetables,Potato,Other,Local,500.00,"1,100.00",800.00,Rs./Quintal,"1,062.10",Metric Tonnes,21-01-2026
Maharashtra,Mumbai,Mumbai-Onion & Potato Market APMC,Vegetables,Potato,Other,Local,900.00,"2,000.00","1,450.00",Rs./Quintal,"1,235.80",Metric Tonnes,20-11-2025
Maharashtra,Mumbai,Mumbai-Onion & Potato Market APMC,Vegetables,Potato,Other,Local,500.00,"1,100.00",800.00,Rs./Quintal,995.70,Metric Tonnes,20-04-2026
Maharashtra,Mumbai,Mumbai-Onion & Potato Market APMC,Vegetables,Potato,Other,Local,600.00,"1,300.00",950.00,Rs./Quintal,"2,163.00",Metric Tonnes,20-03-2026
Maharashtra,Mumbai,Mumbai-Onion & Potato Market APMC,Vegetables,Potato,Other,Local,600.00,"1,200.00",900.00,Rs./Quintal,"1,335.60",Metric Tonnes,20-02-2026
Maharashtra,Mumbai,Mumbai-Onion & Potato Market APMC,Vegetables,Potato,Other,Local,500.00,"1,100.00",800.00,Rs./Quintal,876.50,Metric Tonnes,20-01-2026
Maharashtra,Mumbai,Mumbai-Onion & Potato Market APMC,Vegetables,Potato,Other,Local,800.00,"1,600.00","1,200.00",Rs./Quintal,970.80,Metric Tonnes,19-12-2025
Maharashtra,Mumbai,Mumbai-Onion & Potato Market APMC,Vegetables,Potato,Other,Local,"1,000.00","2,000.00","1,500.00",Rs./Quintal,"1,473.40",Metric Tonnes,19-11-2025
Maharashtra,Mumbai,Mumbai-Onion & Potato Market APMC,Vegetables,Potato,Other,Local,500.00,"1,100.00",800.00,Rs./Quintal,"1,345.60",Metric Tonnes,19-01-2026
Maharashtra,Mumbai,Mumbai-Onion & Potato Market APMC,Vegetables,Potato,Other,Local,800.00,"1,700.00","1,250.00",Rs./Quintal,805.80,Metric Tonnes,18-12-2025
Maharashtra,Mumbai,Mumbai-Onion & Potato Market APMC,Vegetables,Potato,Other,Local,500.00,"1,100.00",800.00,Rs./Quintal,532.90,Metric Tonnes,18-04-2026
Maharashtra,Mumbai,Mumbai-Onion & Potato Market APMC,Vegetables,Potato,Other,Local,700.00,"1,200.00",950.00,Rs./Quintal,"1,196.60",Metric Tonnes,18-03-2026
Maharashtra,Mumbai,Mumbai-Onion & Potato Market APMC,Vegetables,Potato,Other,Local,500.00,"1,200.00",850.00,Rs./Quintal,989.10,Metric Tonnes,18-02-2026
Maharashtra,Mumbai,Mumbai-Onion & Potato Market APMC,Vegetables,Potato,Other,Local,800.00,"1,700.00","1,250.00",Rs./Quintal,"1,146.30",Metric Tonnes,17-12-2025
Maharashtra,Mumbai,Mumbai-Onion & Potato Market APMC,Vegetables,Potato,Other,Local,"1,000.00","2,000.00","1,500.00",Rs./Quintal,"1,430.00",Metric Tonnes,17-11-2025
Maharashtra,Mumbai,Mumbai-Onion & Potato Market APMC,Vegetables,Potato,Other,Local,700.00,"1,300.00","1,000.00",Rs./Quintal,554.00,Metric Tonnes,17-04-2026
Maharashtra,Mumbai,Mumbai-Onion & Potato Market APMC,Vegetables,Potato,Other,Local,600.00,"1,200.00",900.00,Rs./Quintal,624.70,Metric Tonnes,17-03-2026
Maharashtra,Mumbai,Mumbai-Onion & Potato Market APMC,Vegetables,Potato,Other,Local,600.00,"1,200.00",900.00,Rs./Quintal,704.80,Metric Tonnes,17-02-2026
Maharashtra,Mumbai,Mumbai-Onion & Potato Market APMC,Vegetables,Potato,Other,Local,800.00,"1,800.00","1,300.00",Rs./Quintal,"1,168.50",Metric Tonnes,16-12-2025
Maharashtra,Mumbai,Mumbai-Onion & Potato Market APMC,Vegetables,Potato,Other,Local,600.00,"1,200.00",900.00,Rs./Quintal,983.30,Metric Tonnes,16-04-2026
Maharashtra,Mumbai,Mumbai-Onion & Potato Market APMC,Vegetables,Potato,Other,Local,700.00,"1,300.00","1,000.00",Rs./Quintal,779.50,Metric Tonnes,16-03-2026
Maharashtra,Mumbai,Mumbai-Onion & Potato Market APMC,Vegetables,Potato,Other,Local,600.00,"1,200.00",900.00,Rs./Quintal,"1,313.50",Metric Tonnes,16-02-2026
Maharashtra,Mumbai,Mumbai-Onion & Potato Market APMC,Vegetables,Potato,Other,Local,600.00,"1,200.00",900.00,Rs./Quintal,"2,067.50",Metric Tonnes,16-01-2026
Maharashtra,Mumbai,Mumbai-Onion & Potato Market APMC,Vegetables,Potato,Other,Local,800.00,"1,800.00","1,300.00",Rs./Quintal,"1,363.60",Metric Tonnes,15-12-2025
Maharashtra,Mumbai,Mumbai-Onion & Potato Market APMC,Vegetables,Potato,Other,Local,700.00,"1,200.00",950.00,Rs./Quintal,827.70,Metric Tonnes,15-05-2026
Maharashtra,Mumbai,Mumbai-Onion & Potato Market APMC,Vegetables,Potato,Other,Local,500.00,"1,100.00",800.00,Rs./Quintal,"1,088.00",Metric Tonnes,15-04-2026
Maharashtra,Mumbai,Mumbai-Onion & Potato Market APMC,Vegetables,Potato,Other,Local,700.00,"1,200.00",950.00,Rs./Quintal,780.60,Metric Tonnes,14-05-2026
Maharashtra,Mumbai,Mumbai-Onion & Potato Market APMC,Vegetables,Potato,Other,Local,600.00,"1,000.00",800.00,Rs./Quintal,838.50,Metric Tonnes,14-04-2026
Maharashtra,Mumbai,Mumbai-Onion & Potato Market APMC,Vegetables,Potato,Other,Local,600.00,"1,200.00",900.00,Rs./Quintal,"1,586.50",Metric Tonnes,14-01-2026
Maharashtra,Mumbai,Mumbai-Onion & Potato Market APMC,Vegetables,Potato,Other,Local,700.00,"1,200.00",950.00,Rs./Quintal,736.00,Metric Tonnes,13-05-2026
Maharashtra,Mumbai,Mumbai-Onion & Potato Market APMC,Vegetables,Potato,Other,Local,700.00,"1,400.00","1,050.00",Rs./Quintal,"1,473.80",Metric Tonnes,13-04-2026
Maharashtra,Mumbai,Mumbai-Onion & Potato Market APMC,Vegetables,Potato,Other,Local,600.00,"1,200.00",900.00,Rs./Quintal,787.10,Metric Tonnes,13-03-2026
Maharashtra,Mumbai,Mumbai-Onion & Potato Market APMC,Vegetables,Potato,Other,Local,500.00,"1,100.00",800.00,Rs./Quintal,"1,307.80",Metric Tonnes,13-02-2026
Maharashtra,Mumbai,Mumbai-Onion & Potato Market APMC,Vegetables,Potato,Other,Local,700.00,"1,300.00","1,000.00",Rs./Quintal,764.10,Metric Tonnes,13-01-2026
Maharashtra,Mumbai,Mumbai-Onion & Potato Market APMC,Vegetables,Potato,Other,Local,700.00,"1,700.00","1,200.00",Rs./Quintal,"1,403.10",Metric Tonnes,12-12-2025
Maharashtra,Mumbai,Mumbai-Onion & Potato Market APMC,Vegetables,Potato,Other,Local,800.00,"1,300.00","1,050.00",Rs./Quintal,656.10,Metric Tonnes,12-05-2026
Maharashtra,Mumbai,Mumbai-Onion & Potato Market APMC,Vegetables,Potato,Other,Local,700.00,"1,300.00","1,000.00",Rs./Quintal,703.00,Metric Tonnes,12-03-2026
Maharashtra,Mumbai,Mumbai-Onion & Potato Market APMC,Vegetables,Potato,Other,Local,600.00,"1,200.00",900.00,Rs./Quintal,646.00,Metric Tonnes,12-02-2026
Maharashtra,Mumbai,Mumbai-Onion & Potato Market APMC,Vegetables,Potato,Other,Local,600.00,"1,300.00",950.00,Rs./Quintal,984.00,Metric Tonnes,12-01-2026
Maharashtra,Mumbai,Mumbai-Onion & Potato Market APMC,Vegetables,Potato,Other,Local,700.00,"1,200.00",950.00,Rs./Quintal,"1,044.50",Metric Tonnes,11-05-2026
Maharashtra,Mumbai,Mumbai-Onion & Potato Market APMC,Vegetables,Potato,Other,Local,600.00,"1,200.00",900.00,Rs./Quintal,"1,519.50",Metric Tonnes,11-04-2026
Maharashtra,Mumbai,Mumbai-Onion & Potato Market APMC,Vegetables,Potato,Other,Local,700.00,"1,300.00","1,000.00",Rs./Quintal,"1,293.20",Metric Tonnes,11-03-2026
Maharashtra,Mumbai,Mumbai-Onion & Potato Market APMC,Vegetables,Potato,Other,Local,700.00,"1,200.00",950.00,Rs./Quintal,969.50,Metric Tonnes,11-02-2026
Maharashtra,Mumbai,Mumbai-Onion & Potato Market APMC,Vegetables,Potato,Other,Local,700.00,"1,700.00","1,200.00",Rs./Quintal,"1,681.30",Metric Tonnes,10-12-2025
Maharashtra,Mumbai,Mumbai-Onion & Potato Market APMC,Vegetables,Potato,Other,Local,600.00,"1,200.00",900.00,Rs./Quintal,"1,229.20",Metric Tonnes,10-04-2026
Maharashtra,Mumbai,Mumbai-Onion & Potato Market APMC,Vegetables,Potato,Other,Local,700.00,"1,300.00","1,000.00",Rs./Quintal,"1,281.00",Metric Tonnes,10-03-2026
Maharashtra,Mumbai,Mumbai-Onion & Potato Market APMC,Vegetables,Potato,Other,Local,600.00,"1,100.00",850.00,Rs./Quintal,868.30,Metric Tonnes,10-02-2026
Maharashtra,Mumbai,Mumbai-Onion & Potato Market APMC,Vegetables,Potato,Other,Local,800.00,"1,800.00","1,300.00",Rs./Quintal,"1,284.50",Metric Tonnes,09-12-2025
Maharashtra,Mumbai,Mumbai-Onion & Potato Market APMC,Vegetables,Potato,Other,Local,700.00,"1,200.00",950.00,Rs./Quintal,"1,045.40",Metric Tonnes,09-05-2026
Maharashtra,Mumbai,Mumbai-Onion & Potato Market APMC,Vegetables,Potato,Other,Local,600.00,"1,300.00",950.00,Rs./Quintal,835.10,Metric Tonnes,09-04-2026
Maharashtra,Mumbai,Mumbai-Onion & Potato Market APMC,Vegetables,Potato,Other,Local,700.00,"1,300.00","1,000.00",Rs./Quintal,"1,386.90",Metric Tonnes,09-03-2026
Maharashtra,Mumbai,Mumbai-Onion & Potato Market APMC,Vegetables,Potato,Other,Local,500.00,"1,100.00",800.00,Rs./Quintal,"1,265.90",Metric Tonnes,09-02-2026
Maharashtra,Mumbai,Mumbai-Onion & Potato Market APMC,Vegetables,Potato,Other,Local,700.00,"1,200.00",950.00,Rs./Quintal,"1,478.50",Metric Tonnes,09-01-2026
Maharashtra,Mumbai,Mumbai-Onion & Potato Market APMC,Vegetables,Potato,Other,Local,800.00,"1,800.00","1,300.00",Rs./Quintal,"1,736.90",Metric Tonnes,08-12-2025
Maharashtra,Mumbai,Mumbai-Onion & Potato Market APMC,Vegetables,Potato,Other,Local,800.00,"1,300.00","1,050.00",Rs./Quintal,815.80,Metric Tonnes,08-05-2026
Maharashtra,Mumbai,Mumbai-Onion & Potato Market APMC,Vegetables,Potato,Other,Local,600.00,"1,200.00",900.00,Rs./Quintal,990.10,Metric Tonnes,08-04-2026
Maharashtra,Mumbai,Mumbai-Onion & Potato Market APMC,Vegetables,Potato,Other,Local,800.00,"1,300.00","1,050.00",Rs./Quintal,975.70,Metric Tonnes,08-01-2026
Maharashtra,Mumbai,Mumbai-Onion & Potato Market APMC,Vegetables,Potato,Other,Local,800.00,"1,300.00","1,050.00",Rs./Quintal,784.90,Metric Tonnes,07-05-2026
Maharashtra,Mumbai,Mumbai-Onion & Potato Market APMC,Vegetables,Potato,Other,Local,700.00,"1,300.00","1,000.00",Rs./Quintal,881.40,Metric Tonnes,07-04-2026
Maharashtra,Mumbai,Mumbai-Onion & Potato Market APMC,Vegetables,Potato,Other,Local,800.00,"1,400.00","1,100.00",Rs./Quintal,"1,290.00",Metric Tonnes,07-01-2026
Maharashtra,Mumbai,Mumbai-Onion & Potato Market APMC,Vegetables,Potato,Other,Local,900.00,"1,300.00","1,100.00",Rs./Quintal,"1,115.90",Metric Tonnes,06-05-2026
Maharashtra,Mumbai,Mumbai-Onion & Potato Market APMC,Vegetables,Potato,Other,Local,600.00,"1,400.00","1,000.00",Rs./Quintal,999.40,Metric Tonnes,06-04-2026
Maharashtra,Mumbai,Mumbai-Onion & Potato Market APMC,Vegetables,Potato,Other,Local,800.00,"1,400.00","1,100.00",Rs./Quintal,544.60,Metric Tonnes,06-03-2026
Maharashtra,Mumbai,Mumbai-Onion & Potato Market APMC,Vegetables,Potato,Other,Local,500.00,"1,200.00",850.00,Rs./Quintal,"1,006.60",Metric Tonnes,06-02-2026
Maharashtra,Mumbai,Mumbai-Onion & Potato Market APMC,Vegetables,Potato,Other,Local,700.00,"1,300.00","1,000.00",Rs./Quintal,"1,209.50",Metric Tonnes,06-01-2026
Maharashtra,Mumbai,Mumbai-Onion & Potato Market APMC,Vegetables,Potato,Other,Local,600.00,"1,700.00","1,150.00",Rs./Quintal,"1,128.00",Metric Tonnes,05-12-2025
Maharashtra,Mumbai,Mumbai-Onion & Potato Market APMC,Vegetables,Potato,Other,Local,800.00,"1,200.00","1,000.00",Rs./Quintal,"1,134.90",Metric Tonnes,05-05-2026
Maharashtra,Mumbai,Mumbai-Onion & Potato Market APMC,Vegetables,Potato,Other,Local,800.00,"1,400.00","1,100.00",Rs./Quintal,242.60,Metric Tonnes,05-03-2026
Maharashtra,Mumbai,Mumbai-Onion & Potato Market APMC,Vegetables,Potato,Other,Local,500.00,"1,100.00",800.00,Rs./Quintal,980.60,Metric Tonnes,05-02-2026
Maharashtra,Mumbai,Mumbai-Onion & Potato Market APMC,Vegetables,Potato,Other,Local,700.00,"1,300.00","1,000.00",Rs./Quintal,"1,385.80",Metric Tonnes,05-01-2026
Maharashtra,Mumbai,Mumbai-Onion & Potato Market APMC,Vegetables,Potato,Other,Local,700.00,"1,800.00","1,250.00",Rs./Quintal,729.10,Metric Tonnes,04-12-2025
Maharashtra,Mumbai,Mumbai-Onion & Potato Market APMC,Vegetables,Potato,Other,Local,900.00,"1,300.00","1,100.00",Rs./Quintal,846.90,Metric Tonnes,04-05-2026
Maharashtra,Mumbai,Mumbai-Onion & Potato Market APMC,Vegetables,Potato,Other,Local,600.00,"1,300.00",950.00,Rs./Quintal,699.10,Metric Tonnes,04-04-2026
Maharashtra,Mumbai,Mumbai-Onion & Potato Market APMC,Vegetables,Potato,Other,Local,700.00,"1,300.00","1,000.00",Rs./Quintal,486.90,Metric Tonnes,04-03-2026
Maharashtra,Mumbai,Mumbai-Onion & Potato Market APMC,Vegetables,Potato,Other,Local,600.00,"1,200.00",900.00,Rs./Quintal,848.30,Metric Tonnes,04-02-2026
Maharashtra,Mumbai,Mumbai-Onion & Potato Market APMC,Vegetables,Potato,Other,Local,600.00,"2,000.00","1,300.00",Rs./Quintal,"1,113.90",Metric Tonnes,03-12-2025
Maharashtra,Mumbai,Mumbai-Onion & Potato Market APMC,Vegetables,Potato,Other,Local,500.00,"1,200.00",850.00,Rs./Quintal,847.10,Metric Tonnes,03-04-2026
Maharashtra,Mumbai,Mumbai-Onion & Potato Market APMC,Vegetables,Potato,Other,Local,500.00,"1,100.00",800.00,Rs./Quintal,856.40,Metric Tonnes,03-02-2026
Maharashtra,Mumbai,Mumbai-Onion & Potato Market APMC,Vegetables,Potato,Other,Local,600.00,"1,800.00","1,200.00",Rs./Quintal,"1,365.40",Metric Tonnes,02-12-2025
Maharashtra,Mumbai,Mumbai-Onion & Potato Market APMC,Vegetables,Potato,Other,Local,800.00,"1,300.00","1,050.00",Rs./Quintal,"1,004.40",Metric Tonnes,02-05-2026
Maharashtra,Mumbai,Mumbai-Onion & Potato Market APMC,Vegetables,Potato,Other,Local,500.00,"1,100.00",800.00,Rs./Quintal,691.40,Metric Tonnes,02-04-2026
Maharashtra,Mumbai,Mumbai-Onion & Potato Market APMC,Vegetables,Potato,Other,Local,500.00,"1,100.00",800.00,Rs./Quintal,871.50,Metric Tonnes,02-03-2026
Maharashtra,Mumbai,Mumbai-Onion & Potato Market APMC,Vegetables,Potato,Other,Local,500.00,"1,200.00",850.00,Rs./Quintal,"1,384.90",Metric Tonnes,02-02-2026
Maharashtra,Mumbai,Mumbai-Onion & Potato Market APMC,Vegetables,Potato,Other,Local,800.00,"1,400.00","1,100.00",Rs./Quintal,"1,019.60",Metric Tonnes,02-01-2026
Maharashtra,Mumbai,Mumbai-Onion & Potato Market APMC,Vegetables,Potato,Other,Local,600.00,"1,900.00","1,250.00",Rs./Quintal,"1,768.50",Metric Tonnes,01-12-2025
Maharashtra,Mumbai,Mumbai-Onion & Potato Market APMC,Vegetables,Potato,Other,Local,500.00,"1,100.00",800.00,Rs./Quintal,559.70,Metric Tonnes,01-04-2026
Maharashtra,Mumbai,Mumbai-Onion & Potato Market APMC,Vegetables,Potato,Other,Local,700.00,"1,300.00","1,000.00",Rs./Quintal,863.70,Metric Tonnes,01-01-2026

